,#,"Country,Other",TotalCases,NewCases,TotalDeaths,NewDeaths,TotalRecovered,NewRecovered,ActiveCases,"Serious,Critical",Tot Cases/1M pop,Deaths/1M pop,TotalTests,Tests/ 1M pop,Population,Continent,1 Caseevery X ppl,1 Deathevery X ppl,1 Testevery X ppl,New Cases/1M pop,New Deaths/1M pop,Active Cases/1M pop
8,1.0,China,327964,4278.0,5233.0,,283983.0,2877.0,38748.0,98.0,226.0,4.0,160000000.0,110461.0,1448471400.0,Asia,4417.0,276796.0,9.0,3.0,,27.0
9,2.0,USA,100787779,32724.0,1106607.0,149.0,98236954.0,45703.0,1444218.0,3495.0,301034.0,3305.0,1141488941.0,3409412.0,334805269.0,North America,3.0,303.0,0.0,98.0,0.4,4314.0
10,3.0,India,44674195,211.0,530627.0,3.0,44137942.0,325.0,5626.0,698.0,31760.0,377.0,906950463.0,644768.0,1406631776.0,Asia,31.0,2651.0,2.0,0.2,,4.0
11,4.0,France,37975060,59008.0,159093.0,67.0,36940992.0,5501.0,874975.0,869.0,579025.0,2426.0,271490188.0,4139547.0,65584518.0,Europe,2.0,412.0,0.0,900.0,1.0,13341.0
12,5.0,Germany,36557861,27841.0,158198.0,89.0,35853000.0,31100.0,546663.0,1406.0,435817.0,1886.0,122332384.0,1458359.0,83883596.0,Europe,2.0,530.0,1.0,332.0,1.0,6517.0
13,6.0,Brazil,35375733,39251.0,690129.0,131.0,34262104.0,4716.0,423500.0,8318.0,164268.0,3205.0,63776166.0,296146.0,215353593.0,South America,6.0,312.0,3.0,182.0,0.6,1967.0
14,7.0,S. Korea,27208800,52987.0,30621.0,53.0,26187426.0,23703.0,990753.0,460.0,530077.0,597.0,15804065.0,307892.0,51329899.0,Asia,2.0,1676.0,3.0,1032.0,1.0,19302.0
15,8.0,Japan,25021295,109928.0,50013.0,187.0,20725942.0,12079.0,4245340.0,349.0,199238.0,398.0,81441509.0,648498.0,125584838.0,Asia,5.0,2511.0,2.0,875.0,1.0,33805.0
16,9.0,Italy,24488080,,181733.0,,23799178.0,,507169.0,320.0,406355.0,3016.0,258382332.0,4287595.0,60262770.0,Europe,2.0,332.0,0.0,,,8416.0
17,10.0,UK,24024746,,197253.0,,23744855.0,3100.0,82638.0,146.0,350737.0,2880.0,522526476.0,7628357.0,68497907.0,Europe,3.0,347.0,0.0,,,1206.0
18,11.0,Russia,21604334,6721.0,392117.0,57.0,21009259.0,5684.0,202958.0,2300.0,148172.0,2689.0,273400000.0,1875095.0,145805947.0,Europe,7.0,372.0,1.0,46.0,0.4,1392.0
19,12.0,Turkey,17005537,,101400.0,,16904137.0,,0.0,,198751.0,1185.0,162743369.0,1902052.0,85561976.0,Asia,5.0,844.0,1.0,,,
20,13.0,Spain,13614807,2755.0,116108.0,27.0,13403322.0,2527.0,95377.0,339.0,291418.0,2485.0,471036328.0,10082298.0,46719142.0,Europe,3.0,402.0,0.0,59.0,0.6,2041.0
21,14.0,Vietnam,11517124,635.0,43176.0,,10608722.0,145.0,865226.0,80.0,116389.0,436.0,85826548.0,867342.0,98953541.0,Asia,9.0,2292.0,1.0,6.0,,8744.0
22,15.0,Australia,10743934,18695.0,16223.0,36.0,10546102.0,,181609.0,82.0,412138.0,622.0,78835048.0,3024116.0,26068792.0,Australia/Oceania,2.0,1607.0,0.0,717.0,1.0,6967.0
23,16.0,Argentina,9727247,,130025.0,,9590207.0,,7015.0,241.0,211415.0,2826.0,35716069.0,776264.0,46010234.0,South America,5.0,354.0,1.0,,,152.0
24,17.0,Netherlands,8544770,932.0,22920.0,4.0,8496213.0,3428.0,25637.0,34.0,496459.0,1332.0,25984435.0,1509718.0,17211447.0,Europe,2.0,751.0,1.0,54.0,0.2,1490.0
25,18.0,Taiwan,8343065,14065.0,14416.0,29.0,8001297.0,19157.0,327352.0,,349249.0,603.0,28580079.0,1196390.0,23888595.0,Asia,3.0,1657.0,1.0,589.0,1.0,13703.0
26,19.0,Iran,7559760,23.0,144634.0,,7335235.0,28.0,79891.0,79.0,87881.0,1681.0,54420785.0,632632.0,86022837.0,Asia,11.0,595.0,2.0,0.3,,929.0
27,20.0,Mexico,7132792,,330525.0,,6400759.0,,401508.0,4798.0,54216.0,2512.0,18757827.0,142577.0,131562772.0,North America,18.0,398.0,7.0,,,3052.0
28,21.0,Indonesia,6674000,4179.0,159921.0,37.0,6458238.0,6001.0,55841.0,2771.0,23910.0,573.0,112623786.0,403475.0,279134505.0,Asia,42.0,1745.0,2.0,15.0,0.1,200.0
29,22.0,Poland,6353850,542.0,118332.0,4.0,5335940.0,,899578.0,1530.0,168359.0,3135.0,37808951.0,1001833.0,37739785.0,Europe,6.0,319.0,1.0,14.0,0.1,23836.0
30,23.0,Colombia,6318021,,141911.0,,6142640.0,,33470.0,342.0,122650.0,2755.0,36907625.0,716475.0,51512762.0,South America,8.0,363.0,1.0,,,650.0
31,24.0,Austria,5572353,5258.0,21231.0,4.0,5502911.0,3188.0,48211.0,47.0,614595.0,2342.0,202723557.0,22359109.0,9066710.0,Europe,2.0,427.0,0.0,580.0,0.4,5317.0
32,25.0,Portugal,5546290,,25517.0,,5498961.0,926.0,21812.0,61.0,546941.0,2516.0,45641725.0,4500903.0,10140570.0,Europe,2.0,397.0,0.0,,,2151.0
33,26.0,Greece,5404690,,34309.0,,5318479.0,7587.0,51902.0,115.0,523881.0,3326.0,100284496.0,9720658.0,10316637.0,Europe,2.0,301.0,0.0,,,5031.0
34,27.0,Ukraine,5341284,,110586.0,,5214849.0,2090.0,15849.0,,123663.0,2560.0,32603805.0,754855.0,43192122.0,Europe,8.0,391.0,1.0,,,367.0
35,28.0,Malaysia,4996964,2421.0,36704.0,9.0,4936207.0,2826.0,24053.0,97.0,150597.0,1106.0,66497954.0,2004093.0,33181072.0,Asia,7.0,904.0,0.0,73.0,0.3,725.0
36,29.0,Chile,4929498,4447.0,62510.0,26.0,4854844.0,3193.0,12144.0,132.0,256075.0,3247.0,47118091.0,2447668.0,19250195.0,South America,4.0,308.0,0.0,231.0,1.0,631.0
37,30.0,DPRK,4772813,,74.0,,4772739.0,,0.0,,183636.0,3.0,,,25990679.0,Asia,5.0,351225.0,,,,
38,31.0,Israel,4724509,902.0,11865.0,,4700423.0,1467.0,12221.0,22.0,506595.0,1272.0,41373364.0,4436346.0,9326000.0,Asia,2.0,786.0,0.0,97.0,,1310.0
39,32.0,Thailand,4707244,,33180.0,,4649509.0,,24555.0,1496.0,67171.0,473.0,17270775.0,246450.0,70078203.0,Asia,15.0,2112.0,4.0,,,350.0
40,33.0,Belgium,4639411,,33061.0,,4583532.0,1450.0,22818.0,37.0,397609.0,2833.0,36130437.0,3096467.0,11668278.0,Europe,3.0,353.0,0.0,,,1956.0
41,34.0,Czechia,4560112,897.0,41899.0,5.0,4509088.0,1467.0,9125.0,48.0,424719.0,3902.0,56621436.0,5273594.0,10736784.0,Europe,2.0,256.0,0.0,84.0,0.5,850.0
42,35.0,Canada,4408276,,47781.0,,4302825.0,2291.0,57670.0,99.0,114833.0,1245.0,66343123.0,1728207.0,38388419.0,North America,9.0,803.0,1.0,,,1502.0
43,36.0,Switzerland,4317035,,14318.0,,4222548.0,4873.0,80169.0,53.0,492046.0,1632.0,22932989.0,2613852.0,8773637.0,Europe,2.0,613.0,0.0,,,9137.0
44,37.0,Peru,4278997,12746.0,217441.0,13.0,3971278.0,4481.0,90278.0,94.0,127033.0,6455.0,36561147.0,1085409.0,33684208.0,South America,8.0,155.0,1.0,378.0,0.4,2680.0
45,38.0,South Africa,4042520,312.0,102464.0,,3912506.0,,27550.0,192.0,66537.0,1686.0,26473049.0,435726.0,60756135.0,Africa,15.0,593.0,2.0,5.0,,453.0
46,39.0,Philippines,4038744,1311.0,64682.0,24.0,3955135.0,658.0,18927.0,162.0,35897.0,575.0,33702191.0,299551.0,112508994.0,Asia,28.0,1739.0,3.0,12.0,0.2,168.0
47,40.0,Romania,3296834,,67276.0,,3225629.0,429.0,3929.0,94.0,173232.0,3535.0,25759760.0,1353545.0,19031335.0,Europe,6.0,283.0,1.0,,,206.0
48,41.0,Denmark,3148725,515.0,7541.0,4.0,3135724.0,285.0,5460.0,10.0,539632.0,1292.0,128828312.0,22078735.0,5834950.0,Europe,2.0,774.0,0.0,88.0,0.7,936.0
49,42.0,Sweden,2632091,,21095.0,,2593838.0,,17158.0,19.0,257569.0,2064.0,19155093.0,1874464.0,10218971.0,Europe,4.0,484.0,1.0,,,1679.0
50,43.0,Iraq,2463724,,25364.0,,2437149.0,,1211.0,21.0,58431.0,602.0,19448292.0,461243.0,42164965.0,Asia,17.0,1662.0,2.0,,,29.0
51,44.0,Serbia,2424595,547.0,17395.0,3.0,2396541.0,786.0,10659.0,17.0,280202.0,2010.0,11643780.0,1345633.0,8653016.0,Europe,4.0,497.0,1.0,63.0,0.3,1232.0
52,45.0,Singapore,2170498,1297.0,1705.0,2.0,2094882.0,1819.0,73911.0,8.0,365186.0,287.0,24622510.0,4142731.0,5943546.0,Asia,3.0,3486.0,0.0,218.0,0.3,12436.0
53,46.0,Hungary,2166352,,48287.0,,2104358.0,,13707.0,7.0,225515.0,5027.0,11394556.0,1186160.0,9606259.0,Europe,4.0,199.0,1.0,,,1427.0
54,47.0,Hong Kong,2138378,9996.0,10773.0,11.0,1886931.0,6047.0,240674.0,18.0,281206.0,1417.0,70602097.0,9284498.0,7604299.0,Asia,4.0,706.0,0.0,1315.0,1.0,31650.0
55,48.0,Bangladesh,2036612,15.0,29434.0,1.0,1985989.0,90.0,21189.0,1331.0,12131.0,175.0,15087849.0,89870.0,167885689.0,Asia,82.0,5704.0,11.0,0.09,0.01,126.0
56,49.0,New Zealand,1945117,,3297.0,,1915871.0,,25949.0,,397108.0,673.0,7544063.0,1540170.0,4898203.0,Australia/Oceania,3.0,1486.0,1.0,,,5298.0
57,50.0,Slovakia,1856208,125.0,20737.0,3.0,1834106.0,41.0,1365.0,23.0,339953.0,3798.0,7355949.0,1347196.0,5460193.0,Europe,3.0,263.0,1.0,23.0,0.5,250.0
58,51.0,Georgia,1805698,,16881.0,,1776548.0,,12269.0,,454980.0,4253.0,16920079.0,4263340.0,3968738.0,Asia,2.0,235.0,0.0,,,3091.0
59,52.0,Jordan,1746997,,14122.0,,1731007.0,,1868.0,59.0,169597.0,1371.0,17201885.0,1669945.0,10300869.0,Asia,6.0,729.0,1.0,,,181.0
60,53.0,Ireland,1680548,,8159.0,,1666415.0,884.0,5974.0,14.0,334757.0,1625.0,12859011.0,2561454.0,5020199.0,Europe,3.0,615.0,0.0,,,1190.0
61,54.0,Pakistan,1575250,24.0,30632.0,,1538689.0,,5929.0,41.0,6864.0,133.0,30570862.0,133213.0,229488994.0,Asia,146.0,7492.0,8.0,0.1,,26.0
62,55.0,Norway,1469419,186.0,4325.0,,1462637.0,107.0,2457.0,20.0,266616.0,785.0,11002430.0,1996315.0,5511370.0,Europe,4.0,1274.0,1.0,34.0,,446.0
63,56.0,Finland,1405255,,7448.0,,1361449.0,,36358.0,21.0,252973.0,1341.0,11825322.0,2128786.0,5554960.0,Europe,4.0,746.0,0.0,,,6545.0
64,57.0,Kazakhstan,1397084,162.0,13693.0,,1382292.0,,1099.0,24.0,72746.0,713.0,11575012.0,602707.0,19205043.0,Asia,14.0,1403.0,2.0,8.0,,57.0
65,58.0,Bulgaria,1287594,185.0,38048.0,4.0,1245158.0,291.0,4388.0,40.0,188118.0,5559.0,10826890.0,1581816.0,6844597.0,Europe,5.0,180.0,1.0,27.0,0.6,641.0
66,59.0,Lithuania,1277069,443.0,9435.0,1.0,1262065.0,220.0,5569.0,6.0,479793.0,3545.0,10262488.0,3855602.0,2661708.0,Europe,2.0,282.0,0.0,166.0,0.4,2092.0
67,60.0,Morocco,1269151,149.0,16284.0,,1251541.0,113.0,1326.0,293.0,33600.0,431.0,12762616.0,337879.0,37772756.0,Africa,30.0,2320.0,3.0,4.0,,35.0
68,61.0,Slovenia,1261489,1418.0,6938.0,2.0,1239514.0,818.0,15037.0,19.0,607059.0,3339.0,2786595.0,1340977.0,2078034.0,Europe,2.0,300.0,1.0,682.0,1.0,7236.0
69,62.0,Croatia,1254355,272.0,17334.0,4.0,1234959.0,361.0,2062.0,11.0,309009.0,4270.0,5366737.0,1322089.0,4059286.0,Europe,3.0,234.0,1.0,67.0,1.0,508.0
70,63.0,Lebanon,1220661,59.0,10738.0,1.0,1087587.0,,122336.0,74.0,182601.0,1606.0,4795578.0,717380.0,6684849.0,Asia,5.0,623.0,1.0,9.0,0.1,18300.0
71,64.0,Guatemala,1158498,955.0,19953.0,1.0,1132704.0,278.0,5841.0,5.0,62338.0,1074.0,6335439.0,340908.0,18584039.0,North America,16.0,931.0,3.0,51.0,0.05,314.0
72,65.0,Costa Rica,1148914,2779.0,9046.0,8.0,860711.0,,279157.0,52.0,221697.0,1746.0,4659757.0,899158.0,5182354.0,North America,5.0,573.0,1.0,536.0,2.0,53867.0
73,66.0,Tunisia,1147072,,29268.0,,,,,44.0,95219.0,2430.0,4975826.0,413046.0,12046656.0,Africa,11.0,412.0,2.0,,,648.0
74,67.0,Bolivia,1111646,289.0,22248.0,,1078111.0,155.0,11287.0,220.0,92694.0,1855.0,2705422.0,225590.0,11992656.0,South America,11.0,539.0,4.0,24.0,,941.0
75,68.0,Cuba,1111412,14.0,8530.0,,1102784.0,1.0,98.0,,98306.0,754.0,14233813.0,1259000.0,11305652.0,North America,10.0,1325.0,1.0,1.0,,9.0
76,69.0,UAE,1044603,135.0,2348.0,,1024380.0,225.0,17875.0,,103613.0,233.0,197280975.0,19568060.0,10081785.0,Asia,10.0,4294.0,0.0,13.0,,1773.0
77,70.0,Ecuador,1011132,,35940.0,,973448.0,,1744.0,759.0,55822.0,1984.0,3082403.0,170173.0,18113361.0,South America,18.0,504.0,6.0,,,96.0
78,71.0,Panama,1002161,,8526.0,,985881.0,,7754.0,16.0,225358.0,1917.0,7256244.0,1631730.0,4446964.0,North America,4.0,522.0,1.0,,,1744.0
79,72.0,Nepal,1000900,6.0,12019.0,,988742.0,23.0,139.0,,33114.0,398.0,5978725.0,197803.0,30225582.0,Asia,30.0,2515.0,5.0,0.2,,5.0
80,73.0,Belarus,994037,,7118.0,,985592.0,,1327.0,,105381.0,755.0,13646641.0,1446722.0,9432800.0,Europe,9.0,1325.0,1.0,,,141.0
81,74.0,Uruguay,993875,,7537.0,,985312.0,,1026.0,18.0,284288.0,2156.0,6114822.0,1749083.0,3496016.0,South America,4.0,464.0,1.0,,,293.0
82,75.0,Mongolia,993372,335.0,2179.0,,987141.0,441.0,4052.0,192.0,294064.0,645.0,4030048.0,1193000.0,3378078.0,Asia,3.0,1550.0,1.0,99.0,,1199.0
83,76.0,Latvia,961627,,6086.0,,950319.0,,5222.0,3.0,520125.0,3292.0,7746372.0,4189862.0,1848837.0,Europe,2.0,304.0,0.0,,,2824.0
84,77.0,Saudi Arabia,825681,41.0,9468.0,3.0,813222.0,42.0,2991.0,45.0,23035.0,264.0,44821556.0,1250430.0,35844909.0,Asia,43.0,3786.0,1.0,1.0,0.08,83.0
85,78.0,Azerbaijan,824431,46.0,9983.0,2.0,814189.0,41.0,259.0,,80040.0,969.0,7378848.0,716379.0,10300205.0,Asia,12.0,1032.0,1.0,4.0,0.2,25.0
86,79.0,Paraguay,777525,621.0,19630.0,9.0,,,,7.0,106425.0,2687.0,2657506.0,363751.0,7305843.0,South America,9.0,372.0,3.0,85.0,1.0,8155.0
87,80.0,Bahrain,696524,73.0,1536.0,,694088.0,126.0,900.0,3.0,390432.0,861.0,10576312.0,5928483.0,1783983.0,Asia,3.0,1161.0,0.0,41.0,,504.0
88,81.0,Sri Lanka,671695,8.0,16805.0,,654880.0,77.0,10.0,,31132.0,779.0,6486117.0,300619.0,21575842.0,Asia,32.0,1284.0,3.0,0.4,,0.5
89,82.0,Kuwait,662672,,2570.0,,659992.0,,110.0,,151284.0,587.0,8441451.0,1927128.0,4380326.0,Asia,7.0,1704.0,1.0,,,25.0
90,83.0,Dominican Republic,650381,,4384.0,,644066.0,,1931.0,4.0,58824.0,397.0,3738144.0,338099.0,11056370.0,North America,17.0,2522.0,3.0,,,175.0
91,84.0,Myanmar,633281,20.0,19488.0,,607800.0,23.0,5993.0,,11467.0,353.0,9680188.0,175280.0,55227143.0,Asia,87.0,2834.0,6.0,0.4,,109.0
92,85.0,Palestine,620816,,5404.0,,614962.0,,450.0,17.0,116137.0,1011.0,3078533.0,575907.0,5345541.0,Asia,9.0,989.0,2.0,,,84.0
93,86.0,Cyprus,618248,4011.0,1237.0,11.0,601436.0,,15575.0,60.0,505358.0,1011.0,9640118.0,7879860.0,1223387.0,Asia,2.0,989.0,0.0,3279.0,9.0,12731.0
94,87.0,Estonia,609233,,2790.0,,524990.0,,81453.0,3.0,460873.0,2111.0,3606878.0,2728535.0,1321910.0,Europe,2.0,474.0,0.0,,,61618.0
95,88.0,Moldova,595073,,11918.0,,504142.0,,79013.0,49.0,148280.0,2970.0,3216305.0,801437.0,4013171.0,Europe,7.0,337.0,1.0,,,19688.0
96,89.0,Venezuela,547697,66.0,5829.0,1.0,540781.0,39.0,1087.0,36.0,18714.0,199.0,3359014.0,114771.0,29266991.0,South America,53.0,5021.0,9.0,2.0,0.03,37.0
97,90.0,Egypt,515645,,24613.0,,442182.0,,48850.0,122.0,4857.0,232.0,3693367.0,34792.0,106156692.0,Africa,206.0,4313.0,29.0,,,460.0
98,91.0,Libya,507084,,6437.0,,500604.0,,43.0,,72021.0,914.0,2483318.0,352707.0,7040745.0,Africa,14.0,1094.0,3.0,,,6.0
99,92.0,Ethiopia,494687,42.0,7572.0,,472467.0,15.0,14648.0,1.0,4095.0,63.0,5367154.0,44425.0,120812698.0,Africa,244.0,15955.0,23.0,0.3,,121.0
100,93.0,Qatar,479780,446.0,685.0,,476860.0,,2235.0,,161005.0,230.0,4065369.0,1364257.0,2979915.0,Asia,6.0,4350.0,1.0,150.0,,750.0
101,94.0,Réunion,477305,,903.0,,418572.0,,57830.0,10.0,525631.0,994.0,1603660.0,1766027.0,908061.0,Africa,2.0,1006.0,1.0,,,63685.0
102,95.0,Honduras,458921,352.0,11051.0,,,,,105.0,44899.0,1081.0,1568024.0,153408.0,10221247.0,North America,22.0,925.0,7.0,34.0,,30850.0
103,96.0,Armenia,445737,,8710.0,,434866.0,,2161.0,,149981.0,2931.0,3235175.0,1088564.0,2971966.0,Asia,7.0,341.0,1.0,,,727.0
104,97.0,Bosnia and Herzegovina,400572,8.0,16203.0,1.0,378424.0,22.0,5945.0,,123279.0,4987.0,1879615.0,578465.0,3249317.0,Europe,8.0,201.0,2.0,2.0,0.3,1830.0
105,98.0,Oman,399027,,4260.0,,384669.0,,10098.0,2.0,74949.0,800.0,25000000.0,4695724.0,5323993.0,Asia,13.0,1250.0,0.0,,,1897.0
106,99.0,North Macedonia,344710,,9568.0,,334335.0,,807.0,,165622.0,4597.0,2141032.0,1028697.0,2081304.0,Europe,6.0,218.0,1.0,,,388.0
107,100.0,Kenya,341804,108.0,5684.0,,335432.0,73.0,688.0,1.0,6080.0,101.0,3943929.0,70158.0,56215221.0,Africa,164.0,9890.0,14.0,2.0,,12.0
108,101.0,Zambia,333746,,4019.0,,329690.0,,37.0,,17141.0,206.0,3765147.0,193380.0,19470234.0,Africa,58.0,4845.0,5.0,,,2.0
109,102.0,Albania,333381,21.0,3593.0,,328219.0,8.0,1569.0,,116308.0,1254.0,1941032.0,677173.0,2866374.0,Europe,9.0,798.0,1.0,7.0,,547.0
110,103.0,Botswana,326633,,2790.0,,323747.0,,96.0,1.0,133802.0,1143.0,2026898.0,830300.0,2441162.0,Africa,7.0,875.0,1.0,,,39.0
111,104.0,Luxembourg,297757,,1133.0,,288991.0,,7633.0,,463528.0,1764.0,4412567.0,6869188.0,642371.0,Europe,2.0,567.0,0.0,,,11883.0
112,105.0,Montenegro,283771,21.0,2790.0,,280755.0,30.0,226.0,6.0,451901.0,4443.0,2665308.0,4244459.0,627950.0,Europe,2.0,225.0,0.0,33.0,,360.0
113,106.0,Algeria,271100,4.0,6881.0,,182570.0,3.0,81649.0,,5978.0,152.0,230861.0,5091.0,45350148.0,Africa,167.0,6591.0,196.0,0.09,,1800.0
114,107.0,Nigeria,266283,,3155.0,,259640.0,,3488.0,11.0,1229.0,15.0,5441162.0,25104.0,216746934.0,Africa,814.0,68700.0,40.0,,,16.0
115,108.0,Zimbabwe,257893,,5606.0,,251904.0,,383.0,12.0,16821.0,366.0,2525756.0,164744.0,15331428.0,Africa,59.0,2735.0,6.0,,,25.0
116,109.0,Uzbekistan,246833,159.0,1637.0,,241486.0,,3710.0,23.0,7179.0,48.0,1377915.0,40077.0,34382084.0,Asia,139.0,21003.0,25.0,5.0,,108.0
117,110.0,Brunei,241044,,225.0,,222140.0,,18679.0,,541148.0,505.0,717784.0,1611437.0,445431.0,Asia,2.0,1980.0,1.0,,,41935.0
118,111.0,Mozambique,230624,,2226.0,,228310.0,,88.0,11.0,6970.0,67.0,1371127.0,41437.0,33089461.0,Africa,143.0,14865.0,24.0,,,3.0
119,112.0,Martinique,224468,,1071.0,,,,,8.0,600042.0,2863.0,828928.0,2215870.0,374087.0,North America,2.0,349.0,0.0,,,596901.0
120,113.0,Laos,216780,36.0,758.0,,,,,,28977.0,101.0,1233207.0,164845.0,7481023.0,Asia,35.0,9869.0,6.0,5.0,,27852.0
121,114.0,Iceland,207355,184.0,219.0,,,,,2.0,600345.0,634.0,1996384.0,5780036.0,345393.0,Europe,2.0,1577.0,0.0,533.0,,380584.0
122,115.0,Kyrgyzstan,206530,,2991.0,,196406.0,,7133.0,131.0,30696.0,445.0,1907195.0,283460.0,6728271.0,Asia,33.0,2250.0,4.0,,,1060.0
123,116.0,Afghanistan,206140,28.0,7834.0,,183842.0,20.0,14464.0,1124.0,5058.0,192.0,1159462.0,28450.0,40754388.0,Asia,198.0,5202.0,35.0,0.7,,355.0
124,117.0,El Salvador,201785,,4230.0,,179410.0,,18145.0,8.0,30805.0,646.0,2610114.0,398467.0,6550389.0,North America,32.0,1549.0,3.0,,,2770.0
125,118.0,Guadeloupe,197918,,995.0,,,,,19.0,495050.0,2489.0,938039.0,2346306.0,399794.0,North America,2.0,402.0,0.0,,,486933.0
126,119.0,Maldives,185618,,311.0,,163687.0,,21620.0,25.0,343111.0,575.0,2213831.0,4092223.0,540985.0,Asia,3.0,1740.0,0.0,,,39964.0
127,120.0,Trinidad and Tobago,185377,,4267.0,,180912.0,,198.0,8.0,131792.0,3034.0,868696.0,617592.0,1406585.0,North America,8.0,330.0,2.0,,,141.0
128,121.0,Ghana,171018,9.0,1461.0,,169541.0,14.0,16.0,2.0,5279.0,45.0,2522382.0,77862.0,32395450.0,Africa,189.0,22173.0,13.0,0.3,,0.5
129,122.0,Namibia,169946,,4080.0,,165826.0,,40.0,,64523.0,1549.0,1062663.0,403460.0,2633874.0,Africa,15.0,646.0,2.0,,,15.0
130,123.0,Uganda,169733,,3630.0,,100431.0,,65672.0,3.0,3505.0,75.0,3012408.0,62198.0,48432863.0,Africa,285.0,13342.0,16.0,,,1356.0
131,124.0,Jamaica,151931,,3320.0,,99392.0,,49219.0,,50897.0,1112.0,1183986.0,396633.0,2985094.0,North America,20.0,899.0,3.0,,,16488.0
132,125.0,Cambodia,138120,14.0,3056.0,,135001.0,9.0,63.0,,8045.0,178.0,3091420.0,180062.0,17168639.0,Asia,124.0,5618.0,6.0,0.8,,4.0
133,126.0,Rwanda,132762,,1467.0,,131112.0,,183.0,,9762.0,108.0,5882479.0,432520.0,13600464.0,Africa,102.0,9271.0,2.0,,,13.0
134,127.0,Cameroon,123993,,1965.0,,118616.0,,3412.0,13.0,4442.0,70.0,1751774.0,62762.0,27911548.0,Africa,225.0,14204.0,16.0,,,122.0
135,128.0,Malta,115851,12.0,809.0,,114444.0,,598.0,4.0,260906.0,1822.0,2091012.0,4709136.0,444033.0,Europe,4.0,549.0,0.0,27.0,,1347.0
136,129.0,Angola,104676,,1924.0,,102367.0,,385.0,,2988.0,55.0,1499795.0,42818.0,35027343.0,Africa,335.0,18205.0,23.0,,,11.0
137,130.0,Barbados,104416,,567.0,,102435.0,,1414.0,,362527.0,1969.0,780944.0,2711395.0,288023.0,North America,3.0,508.0,0.0,,,4909.0
138,131.0,French Guiana,96389,,411.0,,11254.0,,84724.0,2.0,306806.0,1308.0,651257.0,2072951.0,314169.0,South America,3.0,764.0,0.0,,,269677.0
139,132.0,Channel Islands,96028,,207.0,,95304.0,,517.0,,544182.0,1173.0,1252808.0,7099551.0,176463.0,Europe,2.0,852.0,0.0,,,2930.0
140,133.0,DRC,94204,,1455.0,,83610.0,,9139.0,,989.0,15.0,846704.0,8890.0,95240792.0,Africa,1011.0,65458.0,112.0,,,96.0
141,134.0,Senegal,88873,,1968.0,,86872.0,,33.0,,5034.0,111.0,1146543.0,64946.0,17653671.0,Africa,199.0,8970.0,15.0,,,2.0
142,135.0,Malawi,88086,,2685.0,,85009.0,,392.0,67.0,4365.0,133.0,624784.0,30959.0,20180839.0,Africa,229.0,7516.0,32.0,,,19.0
143,136.0,Ivory Coast,87887,,830.0,,87049.0,,8.0,,3168.0,30.0,1654651.0,59644.0,27742298.0,Africa,316.0,33424.0,17.0,,,0.3
144,137.0,Suriname,81581,,1393.0,,,,,,136690.0,2334.0,239603.0,401459.0,596831.0,South America,7.0,428.0,2.0,,,51118.0
145,138.0,French Polynesia,77137,,649.0,,,,,7.0,271452.0,2284.0,,,284164.0,Australia/Oceania,4.0,438.0,,,,151279.0
146,139.0,New Caledonia,76051,,314.0,,74603.0,,1134.0,9.0,261420.0,1079.0,98964.0,340182.0,290915.0,Australia/Oceania,4.0,926.0,3.0,,,3898.0
147,140.0,Eswatini,73770,,1422.0,,72255.0,,93.0,,62263.0,1200.0,1047886.0,884429.0,1184817.0,Africa,16.0,833.0,1.0,,,78.0
148,141.0,Guyana,71627,,1285.0,,70221.0,,121.0,,90205.0,1618.0,706316.0,889516.0,794045.0,South America,11.0,618.0,1.0,,,152.0
149,142.0,Belize,69048,,688.0,,68325.0,,35.0,6.0,167515.0,1669.0,576016.0,1397453.0,412190.0,North America,6.0,599.0,1.0,,,85.0
150,143.0,Fiji,68451,,878.0,,66524.0,,1049.0,,75265.0,965.0,666164.0,732478.0,909466.0,Australia/Oceania,13.0,1036.0,1.0,,,1153.0
151,144.0,Madagascar,67259,,1412.0,,65450.0,,397.0,,2305.0,48.0,518111.0,17757.0,29178077.0,Africa,434.0,20664.0,56.0,,,14.0
152,145.0,Sudan,63637,,4990.0,,58016.0,,631.0,,1384.0,108.0,562941.0,12240.0,45992020.0,Africa,723.0,9217.0,82.0,,,14.0
153,146.0,Mauritania,63420,,997.0,,62420.0,,3.0,,12938.0,203.0,1008283.0,205689.0,4901981.0,Africa,77.0,4917.0,5.0,,,0.6
154,147.0,Cabo Verde,63068,17.0,412.0,,62488.0,15.0,168.0,23.0,111098.0,726.0,401622.0,707482.0,567678.0,Africa,9.0,1378.0,1.0,30.0,,296.0
155,148.0,Bhutan,62503,,21.0,,61564.0,,918.0,,79324.0,27.0,2303734.0,2923739.0,787941.0,Asia,13.0,37521.0,0.0,,,1165.0
156,149.0,Syria,57404,4.0,3163.0,,54232.0,2.0,9.0,,2964.0,163.0,146269.0,7553.0,19364809.0,Asia,337.0,6122.0,132.0,0.2,,0.5
157,150.0,Burundi,50639,,38.0,,50418.0,,183.0,,4011.0,3.0,345742.0,27386.0,12624840.0,Africa,249.0,332233.0,37.0,,,14.0
158,151.0,Seychelles,50068,,171.0,,49606.0,,291.0,,503570.0,1720.0,,,99426.0,Africa,2.0,581.0,,,,2927.0
159,152.0,Gabon,48973,,306.0,,48582.0,,85.0,,21005.0,131.0,1620976.0,695240.0,2331533.0,Africa,48.0,7619.0,1.0,,,36.0
160,153.0,Andorra,47219,,157.0,,46731.0,,331.0,14.0,609568.0,2027.0,249838.0,3225256.0,77463.0,Europe,2.0,493.0,0.0,,,4273.0
161,154.0,Papua New Guinea,46247,65.0,668.0,,43982.0,,1597.0,7.0,4977.0,72.0,249149.0,26813.0,9292169.0,Australia/Oceania,201.0,13910.0,37.0,7.0,,172.0
162,155.0,Curaçao,45986,,295.0,,44720.0,,971.0,3.0,277812.0,1782.0,496693.0,3000640.0,165529.0,North America,4.0,561.0,0.0,,,5866.0
163,156.0,Aruba,43641,,236.0,,42438.0,,967.0,2.0,405552.0,2193.0,177885.0,1653068.0,107609.0,North America,2.0,456.0,1.0,,,8986.0
164,157.0,Mayotte,41206,,187.0,,,,,,143947.0,653.0,176919.0,618038.0,286259.0,Africa,7.0,1531.0,2.0,,,132939.0
165,158.0,Mauritius,41175,133.0,1035.0,3.0,39396.0,118.0,744.0,,32301.0,812.0,358675.0,281374.0,1274727.0,Africa,31.0,1232.0,4.0,104.0,2.0,584.0
166,159.0,Tanzania,40656,,845.0,,,,,7.0,642.0,13.0,,,63298550.0,Africa,1557.0,74910.0,,,,626.0
167,160.0,Togo,39331,1.0,290.0,,39035.0,,6.0,,4531.0,33.0,801849.0,92370.0,8680837.0,Africa,221.0,29934.0,11.0,0.1,,0.7
168,161.0,Guinea,38153,,464.0,,37218.0,,471.0,8.0,2752.0,33.0,660107.0,47607.0,13865691.0,Africa,363.0,29883.0,21.0,,,34.0
169,162.0,Isle of Man,38008,,116.0,,,,,,443335.0,1353.0,150753.0,1758422.0,85732.0,Europe,2.0,739.0,1.0,,,129450.0
170,163.0,Bahamas,37491,8.0,833.0,,36366.0,6.0,292.0,1.0,93607.0,2080.0,257839.0,643767.0,400516.0,North America,11.0,481.0,2.0,20.0,,729.0
171,164.0,Faeroe Islands,34658,,28.0,,,,,5.0,703959.0,569.0,778000.0,15802409.0,49233.0,Europe,1.0,1758.0,0.0,,,547133.0
172,165.0,Lesotho,34490,,706.0,,25980.0,,7804.0,,15852.0,324.0,431221.0,198199.0,2175699.0,Africa,63.0,3082.0,5.0,,,3587.0
173,166.0,Haiti,33862,,860.0,,32897.0,,105.0,,2899.0,74.0,132422.0,11337.0,11680283.0,North America,345.0,13582.0,88.0,,,9.0
174,167.0,Mali,32760,,742.0,,31941.0,,77.0,,1526.0,35.0,778271.0,36243.0,21473764.0,Africa,655.0,28940.0,28.0,,,4.0
175,168.0,Cayman Islands,31359,,36.0,,8553.0,,22770.0,1.0,466118.0,535.0,222773.0,3311280.0,67277.0,North America,2.0,1869.0,0.0,,,338451.0
176,169.0,Saint Lucia,29550,,404.0,,29095.0,,51.0,,159632.0,2182.0,210983.0,1139752.0,185113.0,North America,6.0,458.0,1.0,,,276.0
177,170.0,Benin,27980,,163.0,,27746.0,,71.0,5.0,2189.0,13.0,604310.0,47268.0,12784726.0,Africa,457.0,78434.0,21.0,,,6.0
178,171.0,Somalia,27286,32.0,1361.0,,13182.0,,12743.0,,1620.0,81.0,400466.0,23778.0,16841795.0,Africa,617.0,12375.0,42.0,2.0,,757.0
179,172.0,Congo,25375,,386.0,,24006.0,,983.0,,4377.0,67.0,347815.0,59991.0,5797805.0,Africa,228.0,15020.0,17.0,,,170.0
180,173.0,Solomon Islands,24575,,153.0,,,,,1.0,34077.0,212.0,,,721159.0,Australia/Oceania,29.0,4713.0,,,,11183.0
181,174.0,Timor-Leste,23354,,138.0,,23102.0,,114.0,,17054.0,101.0,278529.0,203391.0,1369429.0,Asia,59.0,9923.0,5.0,,,83.0
182,175.0,Micronesia,22203,,55.0,,,,,1.0,188979.0,468.0,21923.0,186596.0,117489.0,Australia/Oceania,5.0,2136.0,5.0,,,187030.0
183,176.0,San Marino,22167,,119.0,,21826.0,,222.0,4.0,650345.0,3491.0,157634.0,4624732.0,34085.0,Europe,2.0,286.0,0.0,,,6513.0
184,177.0,Burkina Faso,21631,,387.0,,21143.0,,101.0,,979.0,18.0,248995.0,11265.0,22102838.0,Africa,1022.0,57113.0,89.0,,,5.0
185,178.0,Liechtenstein,20984,37.0,87.0,,20795.0,2.0,102.0,,546643.0,2266.0,112457.0,2929559.0,38387.0,Europe,2.0,441.0,0.0,964.0,,2657.0
186,179.0,Gibraltar,20207,23.0,110.0,,16579.0,,3518.0,,599543.0,3264.0,534283.0,15852213.0,33704.0,Europe,2.0,306.0,0.0,682.0,,104379.0
187,180.0,Grenada,19613,,237.0,,19358.0,,18.0,4.0,172840.0,2089.0,182981.0,1612523.0,113475.0,North America,6.0,479.0,1.0,,,159.0
188,181.0,Bermuda,18519,56.0,152.0,1.0,18343.0,54.0,24.0,,298988.0,2454.0,1019654.0,16462229.0,61939.0,North America,3.0,407.0,0.0,904.0,16.0,387.0
189,182.0,Nicaragua,18491,,225.0,,4225.0,,14041.0,,2728.0,33.0,,,6779100.0,North America,367.0,30129.0,,,,2071.0
190,183.0,South Sudan,18350,,138.0,,18115.0,,97.0,1.0,1579.0,12.0,410280.0,35313.0,11618511.0,Africa,633.0,84192.0,28.0,,,8.0
191,184.0,Tajikistan,17786,,125.0,,17264.0,,397.0,,1786.0,13.0,,,9957464.0,Asia,560.0,79660.0,,,,40.0
192,185.0,Equatorial Guinea,17183,,183.0,,16879.0,,121.0,5.0,11481.0,122.0,365697.0,244342.0,1496662.0,Africa,87.0,8178.0,4.0,,,81.0
193,186.0,Tonga,16182,,12.0,,15638.0,,532.0,,150182.0,111.0,535009.0,4965327.0,107749.0,Australia/Oceania,7.0,8979.0,0.0,,,4937.0
194,187.0,Samoa,15967,,29.0,,1605.0,,14333.0,4.0,78951.0,143.0,187397.0,926612.0,202239.0,Australia/Oceania,13.0,6974.0,1.0,,,70872.0
195,188.0,Dominica,15760,,74.0,,15673.0,,13.0,,217848.0,1023.0,229344.0,3170187.0,72344.0,North America,5.0,978.0,0.0,,,180.0
196,189.0,Djibouti,15690,,189.0,,15427.0,,74.0,,15441.0,186.0,305941.0,301094.0,1016097.0,Africa,65.0,5376.0,3.0,,,73.0
197,190.0,Marshall Islands,15541,,17.0,,15390.0,,134.0,22.0,258771.0,283.0,,,60057.0,Australia/Oceania,4.0,3533.0,,,,2231.0
198,191.0,Monaco,15509,37.0,63.0,,15288.0,20.0,158.0,4.0,389840.0,1584.0,78646.0,1976875.0,39783.0,Europe,3.0,631.0,1.0,930.0,,3972.0
199,192.0,CAR,15311,,113.0,,14615.0,,583.0,2.0,3052.0,23.0,81294.0,16205.0,5016678.0,Africa,328.0,44395.0,62.0,,,116.0
200,193.0,Gambia,12586,,372.0,,12189.0,,25.0,,4919.0,145.0,155686.0,60851.0,2558482.0,Africa,203.0,6878.0,16.0,,,10.0
201,194.0,Saint Martin,12058,,63.0,,1399.0,,10596.0,7.0,303499.0,1586.0,112382.0,2828643.0,39730.0,North America,3.0,631.0,0.0,,,266700.0
202,195.0,Greenland,11971,,21.0,,2761.0,,9189.0,4.0,210117.0,369.0,164926.0,2894810.0,56973.0,North America,5.0,2713.0,0.0,,,161287.0
203,196.0,Vanuatu,11952,,14.0,,11937.0,,1.0,,37137.0,44.0,24976.0,77606.0,321832.0,Australia/Oceania,27.0,22988.0,13.0,,,3.0
204,197.0,Yemen,11945,,2159.0,,9124.0,,662.0,23.0,383.0,69.0,329592.0,10579.0,31154867.0,Asia,2608.0,14430.0,95.0,,,21.0
205,198.0,Caribbean Netherlands,11426,,36.0,,10476.0,,914.0,,428791.0,1351.0,30126.0,1130559.0,26647.0,North America,2.0,740.0,1.0,,,34300.0
206,199.0,Sint Maarten,10931,,89.0,,10833.0,,9.0,,248624.0,2024.0,62056.0,1411454.0,43966.0,North America,4.0,494.0,1.0,,,205.0
207,200.0,Eritrea,10189,,103.0,,10086.0,,0.0,,2782.0,28.0,23693.0,6470.0,3662244.0,Africa,359.0,35556.0,155.0,,,
208,201.0,Niger,9931,,312.0,,8890.0,,729.0,1.0,381.0,12.0,254538.0,9759.0,26083660.0,Africa,2626.0,83601.0,102.0,,,28.0
209,202.0,Antigua and Barbuda,9106,,146.0,,8954.0,,6.0,1.0,91509.0,1467.0,18901.0,189943.0,99509.0,North America,11.0,682.0,5.0,,,60.0
210,203.0,Comoros,8965,,161.0,,8786.0,,18.0,,9880.0,177.0,,,907419.0,Africa,101.0,5636.0,,,,20.0
211,204.0,Guinea-Bissau,8848,,176.0,,8642.0,,30.0,6.0,4288.0,85.0,145231.0,70385.0,2063367.0,Africa,233.0,11724.0,14.0,,,15.0
212,205.0,Liberia,8022,,294.0,,7715.0,,13.0,2.0,1512.0,55.0,139824.0,26356.0,5305117.0,Africa,661.0,18045.0,38.0,,,2.0
213,206.0,Sierra Leone,7759,,126.0,,,,,,934.0,15.0,259958.0,31296.0,8306436.0,Africa,1071.0,65924.0,32.0,,,330.0
214,207.0,Chad,7646,,194.0,,4874.0,,2578.0,,439.0,11.0,191341.0,10988.0,17413580.0,Africa,2277.0,89761.0,91.0,,,148.0
215,208.0,British Virgin Islands,7305,,64.0,,,,,,238757.0,2092.0,107339.0,3508269.0,30596.0,North America,4.0,478.0,0.0,,,392.0
216,209.0,St. Vincent Grenadines,7112,,115.0,,6641.0,,356.0,,63756.0,1031.0,100856.0,904125.0,111551.0,North America,16.0,970.0,1.0,,,3191.0
217,210.0,Saint Kitts and Nevis,6552,,46.0,,6482.0,,24.0,,121624.0,854.0,124861.0,2317778.0,53871.0,North America,8.0,1171.0,0.0,,,446.0
218,211.0,Turks and Caicos,6446,,36.0,,6392.0,,18.0,4.0,162200.0,906.0,550241.0,13845676.0,39741.0,North America,6.0,1104.0,0.0,,,453.0
219,212.0,Cook Islands,6389,,1.0,,6384.0,,4.0,,363610.0,57.0,19690.0,1120596.0,17571.0,Australia/Oceania,3.0,17571.0,1.0,,,228.0
220,213.0,Sao Tome and Principe,6278,,77.0,,6201.0,,0.0,,27574.0,338.0,29036.0,127530.0,227679.0,Africa,36.0,2957.0,8.0,,,
221,214.0,Palau,5785,,7.0,,5622.0,,156.0,1.0,317282.0,384.0,67025.0,3676027.0,18233.0,Australia/Oceania,3.0,2605.0,0.0,,,8556.0
222,215.0,St. Barth,5348,,6.0,,,,,,537758.0,603.0,78646.0,7908095.0,9945.0,North America,2.0,1658.0,0.0,,,490699.0
223,216.0,Nauru,4621,,1.0,,4609.0,,11.0,,423828.0,92.0,20509.0,1881042.0,10903.0,Australia/Oceania,2.0,10903.0,1.0,,,1009.0
224,217.0,Anguilla,3904,,12.0,,3879.0,,13.0,4.0,256336.0,788.0,51382.0,3373736.0,15230.0,North America,4.0,1269.0,0.0,,,854.0
225,218.0,Kiribati,3430,,13.0,,2703.0,,714.0,3.0,27792.0,105.0,,,123419.0,Australia/Oceania,36.0,9494.0,,,,5785.0
226,219.0,Saint Pierre Miquelon,3282,,1.0,,2449.0,,832.0,1.0,569891.0,174.0,25242.0,4383053.0,5759.0,North America,2.0,5759.0,0.0,,,144470.0
227,220.0,Tuvalu,2805,,,,,,2805.0,,232471.0,,,,12066.0,Australia/Oceania,4.0,,,,,232471.0
228,221.0,Falkland Islands,1930,,,,1930.0,,0.0,,545352.0,,8632.0,2439107.0,3539.0,South America,2.0,,0.0,,,
229,222.0,Saint Helena,1806,,,,2.0,,1804.0,,295339.0,,,,6115.0,Africa,3.0,,,,,295012.0
230,223.0,Montserrat,1403,,8.0,,1376.0,,19.0,,282578.0,1611.0,17762.0,3577442.0,4965.0,North America,4.0,621.0,0.0,,,3827.0
231,224.0,Macao,810,2.0,6.0,,791.0,,13.0,,1214.0,9.0,7850.0,11760.0,667490.0,Asia,824.0,111248.0,85.0,3.0,,19.0
232,225.0,Wallis and Futuna,761,,7.0,,438.0,,316.0,,69295.0,637.0,20508.0,1867419.0,10982.0,Australia/Oceania,14.0,1569.0,1.0,,,28774.0
233,226.0,Diamond Princess,712,,13.0,,699.0,,0.0,,,,,,,,,,,,,
234,227.0,Niue,156,9.0,,,107.0,1.0,49.0,,96178.0,,,,1622.0,Australia/Oceania,10.0,,,5549.0,,30210.0
235,228.0,Vatican City,29,,,,29.0,,0.0,,36295.0,,,,799.0,Europe,28.0,,,,,
236,229.0,Western Sahara,10,,1.0,,9.0,,0.0,,16.0,2.0,,,626161.0,Africa,62616.0,626161.0,,,,
237,230.0,MS Zaandam,9,,2.0,,7.0,,0.0,,,,,,,,,,,,,
238,,Total:,199658550,207857.0,1499004.0,373.0,190651535.0,78251.0,7508011.0,9533.0,,,,,,Asia,,,,,,
239,,Total:,119385193,36888.0,1565536.0,159.0,114753058.0,48333.0,3066599.0,8655.0,,,,,,North America,,,,,,
240,,Total:,239143393,107988.0,1963807.0,279.0,233212455.0,77225.0,3967131.0,7700.0,,,,,,Europe,,,,,,
241,,Total:,65322898,57420.0,1336289.0,180.0,63230126.0,12584.0,756483.0,10169.0,,,,,,South America,,,,,,
242,,Total:,13087304,18769.0,22338.0,36.0,12761546.0,1.0,303420.0,137.0,,,,,,Australia/Oceania,,,,,,
243,,Total:,12712176,807.0,258120.0,3.0,12018954.0,351.0,435102.0,843.0,,,,,,Africa,,,,,,
244,,Total:,721,,15.0,,706.0,,0.0,0.0,,,,,,,,,,,,
245,,Total:,649310235,429729.0,6645109.0,1030.0,626628380.0,216745.0,16036746.0,37037.0,83300.4,852.5,,,,All,,,,,,
